[
    {
        "rows": [
            [
                {
                    "name": "programID"
                },
                {
                    "name": "programName"
                }
            ],
            [
                {
                    "name": "startDate"
                },
                {
                    "name": "endDate"
                }
            ],
            [
                {
                    "name": "donor"
                },
                {
                    "name": "description"
                }
            ],
            [
                {
                    "name": "inclusionCriteria"
                },
                {
                    "name": "programStatus"
                }
            ]
        ],
        "dynamicLogicVisible": null,
        "style": "success",
        "dynamicLogicStyled": null,
        "tabBreak": false,
        "hidden": false,
        "noteText": null,
        "customLabel": "Overview"
    }
]