{
    "fields": {
        "name": {
            "type": "varchar",
            "required": false,
            "pattern": "$noBadCharacters",
            "options": []
        },
        "description": {
            "type": "text"
        },
        "createdAt": {
            "type": "datetime",
            "readOnly": true
        },
        "modifiedAt": {
            "type": "datetime",
            "readOnly": true
        },
        "createdBy": {
            "type": "link",
            "readOnly": true,
            "view": "views/fields/user"
        },
        "modifiedBy": {
            "type": "link",
            "readOnly": true,
            "view": "views/fields/user"
        },
        "assignedUser": {
            "type": "link",
            "required": false,
            "view": "views/fields/assigned-user",
            "audited": true
        },
        "teams": {
            "type": "linkMultiple",
            "view": "views/fields/teams",
            "audited": true
        },
        "taskID": {
            "type": "number",
            "len": 36,
            "notNull": false,
            "unique": false,
            "prefix": "TA",
            "nextNumber": 1,
            "padLength": 5,
            "isCustom": true,
            "audited": true
        },
        "taskName": {
            "type": "text",
            "required": true,
            "rowsMin": 2,
            "cutHeight": 200,
            "audited": true,
            "isCustom": true
        },
        "dueDate": {
            "notNull": false,
            "type": "date",
            "required": true,
            "after": "createdAt",
            "audited": true,
            "isCustom": true
        },
        "taskStatus": {
            "type": "enum",
            "required": true,
            "options": [
                "notStarted",
                "waiting",
                "inProgress",
                "completed"
            ],
            "audited": true,
            "style": {
                "notStarted": "danger",
                "waiting": "warning",
                "inProgress": "primary",
                "completed": "success"
            },
            "maxLength": 100,
            "isCustom": true,
            "default": "notStarted"
        },
        "cProgram": {
            "type": "link",
            "audited": true
        }
    },
    "links": {
        "createdBy": {
            "type": "belongsTo",
            "entity": "User"
        },
        "modifiedBy": {
            "type": "belongsTo",
            "entity": "User"
        },
        "assignedUser": {
            "type": "belongsTo",
            "entity": "User"
        },
        "teams": {
            "type": "hasMany",
            "entity": "Team",
            "relationName": "entityTeam",
            "layoutRelationshipsDisabled": true
        },
        "meetings": {
            "type": "hasMany",
            "entity": "Meeting",
            "foreign": "parent",
            "layoutRelationshipsDisabled": true
        },
        "calls": {
            "type": "hasMany",
            "entity": "Call",
            "foreign": "parent",
            "layoutRelationshipsDisabled": true
        },
        "tasks": {
            "type": "hasChildren",
            "entity": "Task",
            "foreign": "parent",
            "layoutRelationshipsDisabled": true,
            "audited": true
        },
        "emails": {
            "type": "hasChildren",
            "entity": "Email",
            "foreign": "parent",
            "layoutRelationshipsDisabled": true,
            "audited": true
        },
        "cProgram": {
            "type": "belongsTo",
            "foreign": "cTasks",
            "entity": "CProgram",
            "audited": true,
            "isCustom": true
        }
    },
    "collection": {
        "orderBy": "createdAt",
        "order": "desc",
        "textFilterFields": [
            "name"
        ],
        "fullTextSearch": false,
        "countDisabled": false
    },
    "indexes": {
        "name": {
            "columns": [
                "name",
                "deleted"
            ]
        },
        "assignedUser": {
            "columns": [
                "assignedUserId",
                "deleted"
            ]
        },
        "createdAt": {
            "columns": [
                "createdAt"
            ]
        },
        "createdAtId": {
            "unique": true,
            "columns": [
                "createdAt",
                "id"
            ]
        }
    },
    "optimisticConcurrencyControl": false
}